<launch>

     <arg name="urdf_path"
          default="$(find-pkg-share thymio_description)/urdf/thymio/thymio.urdf.xacro"/>

    <arg name="rviz_config_path"
         default="$(find-pkg-share thymio_description)/rviz/rviz_config.rviz"/>

    <node pkg="robot_state_publisher" exec="robot_state_publisher">
        <param name="robot_description"
               value="$(command 'xacro $(var urdf_path)')"/>
    </node>

    <node pkg="joint_state_publisher_gui" exec="joint_state_publisher_gui"/> 

    <node pkg="rviz2" exec="rviz2" output="screen"
          args="-d $(var rviz_config_path)" />

     <include file="$(find-pkg-share gazebo_ros)/launch/gazebo.launch.py"/>

     <node pkg="gazebo_ros" exec="spawn_entity.py"
           args="-topic robot_description -entity thymio"/>

</launch>